CustomerID,CATE,TotalSpend,NumTransactions,AOV
12349,-0.017283618,3678.69,3,1226.22998046875
12358,-0.013641357,3447.0698,5,689.41396484375
12359,-0.015283585,8935.939,10,893.5939453125
12360,-0.016492248,3612.8901,6,602.1483561197916
12370,-0.023335874,3960.31,7,565.7585797991071
12371,-0.03544432,3347.38,4,836.844970703125
12374,-0.016085207,2669.22,3,889.739990234375
12379,-0.04280722,1470.22,4,367.5549926757813
12380,-0.0031318069,7210.65,8,901.3312377929688
12388,-0.011989713,3901.1099,8,487.63873291015625
12391,-0.007414818,2773.42,6,462.2366536458333
12395,-0.023452044,4551.27,15,303.4180013020833
12406,-0.0074666142,6390.36,5,1278.07197265625
12407,-0.047090292,1507.12,5,301.4239990234375
12409,-0.0015048385,23419.29,7,3345.612723214286
12412,-0.0067570806,2404.93,6,400.8216552734375
12417,-0.020867467,6017.91,20,300.8955078125
12421,-0.0015966892,874.6,6,145.76666259765625
12422,-0.002359867,3639.35,12,303.2791748046875
12423,-0.0052036643,2301.39,10,230.1389892578125
12424,-0.043210745,3340.03,4,835.0075073242188
12427,-0.011526406,949.3,3,316.43332926432294
12429,-0.028238595,6979.91,8,872.48876953125
12434,-0.004041314,1103.43,3,367.8100179036458
12435,-0.02568549,13925.93,6,2320.98828125
12449,-0.041940987,4274.89,5,854.97802734375
12451,-0.014636993,12629.88,8,1578.7349853515625
12455,-0.01593566,5722.95,9,635.8833550347222
12456,-0.0002477169,2581.04,3,860.3466796875
12463,-0.03740132,1200.78,4,300.19500732421875
12477,-0.025891602,20276.37,9,2252.9299045138887
12481,-0.0445264,11191.39,14,799.3849748883929
12483,-0.011257231,4092.58,19,215.39895148026315
12484,-0.0040569305,5573.15,9,619.2388780381945
12492,-0.034942687,607.21,3,202.4033406575521
12494,-0.013470888,1602.87,9,178.09666612413196
12497,-0.014335513,5996.5,3,1998.8333333333333
12500,-0.013228357,5559.21,18,308.8449978298611
12504,-0.0245018,689.05,4,172.2624969482422
12510,-0.005993068,3039.03,7,434.1471470424107
12516,-0.01150924,2288.62,4,572.155029296875
12523,-0.016834438,4030.15,23,175.22390879755434
12524,-0.030237496,9794.109,17,576.1240808823529
12527,-0.039131045,717.51,5,143.502001953125
12528,-0.018184662,1645.48,6,274.2466634114583
12530,-0.01620537,3381.26,9,375.695556640625
12531,-0.04142934,1771.2,2,885.5999755859375
12533,-0.03236541,1223.89,2,611.9450073242188
12539,-0.018811822,11186.75,7,1598.107142857143
12542,-0.047971785,481.88,2,240.94000244140625
12557,-0.027495325,18716.14,8,2339.517578125
12567,-0.04062718,12467.86,15,831.1906901041667
12577,-0.0048357844,1627.3,8,203.4125061035156
12586,-0.02567625,2062.67,4,515.66748046875
12588,-0.019544005,718.78,3,239.5933430989584
12589,-0.0031120777,3294.91,6,549.1516520182291
12594,-0.02480781,4890.11,14,349.29356166294644
12597,-0.012728989,3195.22,4,798.8049926757812
12598,-0.0133603215,4192.09,10,419.208984375
12599,-0.014207363,2026.72,13,155.90153620793268
12600,-0.01185143,4444.35,20,222.2175048828125
12609,-0.0051932335,3006.86,9,334.09556749131946
12613,-0.021481216,6295.07,9,699.4522026909722
12615,-0.0046072006,5362.98,8,670.3724975585938
12619,-0.025595546,3085.7002,9,342.85557725694446
12620,-0.0401994,1303.41,3,434.4700113932292
12631,-0.008437395,3321.57,6,553.5950113932291
12635,-0.04179269,2624.41,4,656.1024780273438
12638,-0.035239995,681.49,2,340.7449951171875
12643,-0.04094225,7849.42,11,713.5836292613636
12644,-0.015250087,1900.49,4,475.12249755859375
12645,-0.010980189,3215.3,8,401.9125061035156
12648,-0.0076001883,1039.0,4,259.75
12649,-0.0006479621,2096.65,8,262.08123779296875
12651,-0.011103284,377.75,4,94.4375
12656,-0.012287796,5723.83,8,715.478759765625
12664,-0.045502484,5420.04,11,492.73091264204544
12665,-0.005003363,259.6,3,86.53333536783855
12668,-0.037840784,9967.68,9,1107.5199652777778
12670,-0.021025538,3436.29,7,490.89857700892856
12678,-0.035003364,32595.18,15,2173.0119791666666
12683,-0.03485173,11400.78,20,570.039013671875
12691,-0.036632657,1044.4,6,174.0666707356771
12695,-0.019631028,1371.12,7,195.87428501674108
12700,-0.030285418,4525.9897,4,1131.4974365234375
12701,-0.017422438,2248.41,6,374.7349853515625
12703,-0.002812028,898.53,4,224.63250732421875
12708,-0.021419048,4738.1,18,263.227783203125
12712,-0.038606167,6401.6597,21,304.8409365699405
12714,-0.023252487,12815.71,12,1067.975830078125
12716,-0.037707,963.49,2,481.7449951171875
12726,-0.0075494647,3690.6,11,335.5090997869318
12727,-0.025696158,4905.5303,10,490.55302734375
12731,-0.022299647,25631.709,17,1507.7475873161766
12744,-0.030411541,13158.16,8,1644.77001953125
12748,-0.040017307,52014.86,322,161.53683035714286
12749,-0.0036863089,6847.36,9,760.8177625868055
12758,-0.024327695,9903.24,7,1414.7486049107142
12759,-0.02022791,4596.24,8,574.530029296875
12778,-0.0181517,1541.68,9,171.29778374565973
12779,-0.020791233,6722.27,14,480.16214425223217
12782,-0.01572293,3862.24,11,351.1127263849432
12784,-0.02165997,1552.75,2,776.375
12787,-0.04751414,799.18,4,199.7949981689453
12789,-0.031338274,225.35,3,75.11666870117188
12808,-0.011989772,850.1,5,170.0199951171875
12820,-0.0039969087,2689.52,11,244.5018199573864
12826,-0.0032111406,2955.75,12,246.3125
12836,-0.041873753,6585.62,15,439.0413411458333
12838,-0.0012713671,3398.48,10,339.847998046875
12841,-0.020072222,7539.43,40,188.48575439453128
12842,-0.027476251,1917.99,4,479.49749755859375
12843,-0.023476243,6466.92,28,230.96142578125
12844,-0.010250032,648.6,4,162.14999389648438
12845,-0.0072546033,354.09,4,88.52249908447266
12849,-0.022426426,3064.07,6,510.6783447265625
12853,-0.01634866,3907.5,11,355.22727272727275
12854,-0.004676938,2994.02,7,427.71714564732144
12863,-0.0049399137,2788.8,6,464.8000081380208
12865,-0.040988684,3323.47,4,830.8674926757812
12866,-0.032777026,1092.35,3,364.1166585286458
12867,-0.02311927,7913.29,13,608.7146183894231
12871,-0.036104143,744.02,3,248.0066731770833
12875,-0.014128447,1356.9901,5,271.3980224609375
12877,-0.007674694,2955.17,20,147.75849609375
12897,-0.048756994,514.25,4,128.5625
12910,-0.030685425,5796.52,13,445.8861553485577
12913,-0.022114754,6700.86,13,515.4507587139423
12916,-0.0032560825,4654.02,7,664.8600027901786
12917,-0.008854151,4359.2,6,726.5333658854166
12920,-0.034112275,488.09,4,122.02249908447266
12923,-0.016762555,788.62,3,262.8733317057292
12924,-0.0032142997,2461.45,12,205.1208292643229
12925,-0.014148593,729.33,3,243.1100056966146
12928,-0.008334756,4304.89,12,358.7408447265625
12933,-0.026703179,1687.03,8,210.87875366210932
12935,-0.018244147,4243.86,15,282.9239908854167
12939,-0.0453822,25264.8,20,1263.2400390625
12948,-0.0065149665,2317.43,9,257.4922146267361
12951,-0.007332027,3213.72,15,214.247998046875
12953,-0.02832681,828.81,2,414.4049987792969
12957,-0.019813716,8691.97,13,668.6130558894231
12962,-0.028597236,266.39,2,133.19500732421875
12970,-0.0077856183,1520.96,10,152.09599609375
12971,-0.04963684,15972.79,116,137.69646585398706
12987,-0.0082243085,1312.21,5,262.4419921875
12990,-0.00784415,955.5,7,136.5
12993,-0.004641533,1259.63,8,157.45375061035156
12997,-0.008961141,2110.91,8,263.8637390136719
13000,-0.027527511,1032.5,4,258.125
13012,-0.0034252405,2972.8298,11,270.2572576349432
13015,-0.025628984,6586.42,11,598.7654474431819
13021,-0.023753464,4887.2397,17,287.4846909466912
13026,-0.00045448542,1733.08,9,192.564439561632
13035,-0.026337504,1364.2001,3,454.7333577473958
13037,-0.006778419,3914.95,12,326.24582926432294
13048,-0.017445982,4084.21,9,453.8011067708333
13055,-0.011711061,2321.11,4,580.2775268554688
13064,-0.006674826,1680.74,6,280.1233317057292
13069,-0.029424012,9680.18,38,254.74157072368425
13070,-0.042904377,751.7,4,187.9250030517578
13077,-0.0118469,3064.67,11,278.60635653409093
13082,-0.048581243,7335.75,21,349.32142857142856
13085,-0.0160231,2433.28,8,304.1600036621094
13091,-0.042792678,1108.8,2,554.4000244140625
13092,-0.005860269,2140.28,12,178.3566691080729
13103,-0.013229549,709.64,3,236.5466715494792
13104,-0.017273128,1709.1,9,189.8999972873264
13107,-0.00499177,5253.07,9,583.6744249131945
13109,-0.0073624253,1134.03,3,378.010009765625
13110,-0.012837887,2957.47,12,246.4558308919271
13115,-0.0031769872,5494.7,10,549.47001953125
13117,-0.015566349,2643.81,18,146.87833658854166
13118,-0.0044074655,2415.41,9,268.3788791232639
13126,-0.0145946145,3998.25,13,307.5576923076923
13131,-0.0033329725,3313.77,7,473.3957170758928
13133,-0.036496952,200.45,3,66.81666564941406
13136,-0.026383579,6274.56,13,482.6584660456731
13141,-0.03904915,7668.58,17,451.0929457720589
13145,-0.0038956404,1423.52,7,203.36000279017856
13149,-0.0057955384,1676.06,4,419.0150146484375
13155,-0.009895861,1750.18,6,291.6966756184896
13157,-0.029852271,5687.36,9,631.9288736979166
13158,-0.010153711,1508.18,5,301.6360107421875
13162,-0.048302174,9275.49,16,579.7181396484375
13164,-0.02428858,372.2,2,186.1000061035156
13167,-0.011181533,1113.15,5,222.6300048828125
13169,-0.005319774,840.07996,3,280.0266520182292
13173,-0.0007517338,2629.35,11,239.0318270596591
13174,-0.0074248314,9471.94,11,861.0854936079545
13178,-0.046175182,14059.19,21,669.4852585565476
13183,-0.029283226,7036.18,15,469.0786783854167
13192,-0.022005022,2558.58,6,426.4300130208333
13194,-0.021669567,472.78,2,236.38999938964844
13196,-0.029700577,3068.84,7,438.4057268415178
13199,-0.036789298,16417.89,66,248.7559185606061
13203,-0.0080240965,2648.25,10,264.825
13207,-0.042960882,535.86,4,133.96499633789062
13209,-0.021909297,8509.51,13,654.5776742788462
13211,-0.0026754737,2729.32,10,272.9320068359375
13217,-0.021463335,666.48,4,166.6199951171875
13225,-0.043910086,16260.07,16,1016.25439453125
13233,-0.014458358,1176.46,4,294.114990234375
13238,-0.0030526519,1006.63,6,167.77166748046875
13240,-0.011845529,1718.12,8,214.76499938964844
13242,-0.045063794,699.39996,7,99.91428048270087
13243,-0.0398162,1278.04,5,255.6080078125
13249,-0.027278662,1608.9299,9,178.76999240451389
13253,-0.026449919,2891.11,4,722.7775268554688
13255,-0.002366662,904.46,3,301.48667399088544
13259,-0.0015975833,1429.63,9,158.8477783203125
13262,-0.025786672,573.45,3,191.1500040690104
13266,-0.019980133,6135.04,19,322.8968441611842
13276,-0.0042013526,1939.26,5,387.852001953125
13277,-0.0041368008,523.3,7,74.75714111328125
13278,-0.00862968,1425.35,4,356.3374938964844
13282,-0.023116171,1313.1901,4,328.2975158691406
13283,-0.021883428,373.36,4,93.33999633789062
13285,-0.021359324,3364.59,6,560.7650146484375
13296,-0.004693866,792.51,6,132.08500162760416
13305,-0.010813117,3754.71,16,234.6693725585937
13308,-0.0182755,1670.37,4,417.5924987792969
13316,-0.028747857,13191.57,10,1319.15703125
13317,-0.028574347,6486.09,19,341.37314967105266
13324,-0.0022243857,10513.47,18,584.0816514756945
13329,-0.0027952194,5112.9697,8,639.1212158203125
13330,-0.012146652,2806.18,6,467.6966552734375
13334,-0.010621905,6263.75,5,1252.75
13338,-0.007910788,2345.62,4,586.405029296875
13340,-0.035876215,22100.56,12,1841.71337890625
13373,-0.02544105,7587.19,6,1264.5316569010415
13381,-0.021309495,8224.37,12,685.3641764322916
13394,-0.03484088,6621.7,19,348.51053659539474
13397,-0.00827235,3191.8699,10,319.1869873046875
13403,-0.018981397,229.5,3,76.5
13410,-0.015494823,2201.96,9,244.66221788194449
13416,-0.026365638,940.8,3,313.5999959309896
13421,-0.024947524,4092.62,8,511.5775146484375
13427,-0.007947326,1006.53,6,167.7550048828125
13428,-0.031867743,499.98,3,166.66000366210938
13431,-0.004807174,3316.24,8,414.5299987792969
13434,-0.0073897243,1666.86,5,333.3719970703125
13435,-0.0072795153,4475.23,9,497.2477756076389
13448,-0.023927033,8881.16,12,740.0966796875
13450,-0.006375015,4120.04,13,316.92615685096155
13451,-0.018389702,7178.53,11,652.5936168323864
13452,-0.016928561,729.8,3,243.26666259765625
13455,-0.0045868754,2905.93,6,484.3216552734375
13461,-0.0022702217,4160.0,6,693.3333333333334
13464,-0.0061071515,3097.64,6,516.2733154296875
13468,-0.033700287,13390.51,72,185.97930230034723
13473,-0.0040382147,2657.76,8,332.2200012207031
13474,-0.01690137,663.79,3,221.2633260091146
13477,-0.008007228,2834.17,11,257.65181107954544
13479,-0.0012980253,851.37,4,212.84249877929688
13481,-0.0016520619,3830.84,11,348.2581898082386
13487,-0.021486998,846.87,5,169.3739990234375
13491,-0.021908522,4566.56,27,169.13185402199073
13495,-0.010713816,5374.26,10,537.4259765625
13499,-0.0048003793,1159.11,5,231.8219970703125
13503,-0.004573643,1824.19,5,364.83798828125
13506,-0.048960768,1639.2,5,327.839990234375
13509,-0.01061964,1099.72,7,157.10285295758928
13510,-0.0028897524,4558.29,11,414.3900035511364
13513,-0.009273231,824.59,3,274.86334228515625
13514,-0.00985986,815.9,4,203.9750061035156
13515,-0.010989964,1265.82,6,210.9699910481771
13516,-0.04829687,1685.26,4,421.3150024414063
13520,-0.03545189,5669.4,11,515.3999911221591
13527,-0.020837843,4653.7397,12,387.8116455078125
13538,-0.009579837,3112.73,12,259.3941650390625
13544,-0.012895644,829.0,6,138.16666666666666
13548,-0.047011018,908.99,3,302.9966634114583
13555,-0.022243798,8999.19,13,692.2454176682693
13557,-0.004830241,3032.26,13,233.2507699819712
13562,-0.041831374,4838.1797,8,604.7724609375
13566,-0.0032668114,1704.27,5,340.85400390625
13571,-0.021562874,4536.54,26,174.48230919471155
13573,-0.02142042,915.02,6,152.50333658854166
13577,-0.009785235,3484.28,11,316.7527299360796
13579,-0.0071308017,1539.0399,5,307.8079833984375
13581,-0.009767801,280.53,2,140.26499938964844
13583,-0.029316902,1445.03,2,722.5150146484375
13587,-0.047673583,1673.5,4,418.375
13589,-0.0011968613,1120.74,6,186.78999837239584
13590,-0.024866402,6349.59,18,352.75499131944446
13593,-0.03130138,5514.84,14,393.91713169642856
13598,-0.0035281181,789.59,5,157.91800537109376
13610,-0.01554966,2168.73,14,154.90928431919642
13611,-0.0021717548,3319.53,10,331.9530029296875
13623,-0.0006401539,2566.49,10,256.6489990234375
13627,-0.022118628,2245.9,7,320.8428431919643
13632,-0.015975952,3648.15,8,456.0187377929688
13634,-0.021703422,4989.43,15,332.62867838541666
13635,-0.013272345,2999.16,4,749.7899780273438
13643,-0.00088614225,2156.77,10,215.677001953125
13647,-0.017797828,3071.68,8,383.9599914550781
13650,-0.004288614,3288.0,10,328.8
13652,-0.028893173,2570.85,5,514.17001953125
13654,-0.024578452,6308.0,11,573.4545454545455
13655,-0.028972208,2280.51,6,380.0850016276042
13658,-0.034632742,6025.5,9,669.5
13663,-0.000633657,2047.51,5,409.502001953125
13666,-0.027703285,127.05,5,25.410000610351563
13675,-0.009199053,486.82,2,243.41000366210932
13680,-0.003673792,11435.67,12,952.9724934895834
13695,-0.012978256,2770.73,16,173.17062377929688
13700,-0.011745095,2613.46,13,201.03538161057693
13705,-0.0019041896,2035.33,7,290.7614222935268
13709,-0.04568988,7591.75,18,421.7638888888889
13710,-0.02811569,509.52,3,169.83999633789062
13719,-0.0048159957,2814.27,11,255.84272904829547
13722,-0.032783806,5635.41,10,563.541015625
13723,-0.045909315,1209.2,6,201.5333251953125
13727,-0.0002539754,1080.05,8,135.00625610351562
13728,-0.0016246438,2855.17,16,178.4481201171875
13733,-0.022322565,487.03,2,243.51499938964844
13735,-0.019631863,9813.22,13,754.8630558894231
13736,-0.034064114,2766.21,7,395.1728515625
13743,-0.028504014,1341.6,7,191.65713936941964
13748,-0.011619806,2268.35,9,252.0388997395833
13750,-0.0033200383,3602.18,11,327.47090287642044
13758,-0.017321527,9314.14,14,665.2956891741071
13760,-0.031736076,1363.64,5,272.7280029296875
13761,-0.0020346642,1952.17,6,325.36167399088544
13764,-0.014636099,2942.31,6,490.385009765625
13769,-0.020343661,5800.42,20,290.02099609375
13771,-0.020674229,5728.8203,9,636.5355902777778
13772,-0.01445663,3114.22,8,389.2774963378906
13782,-0.010790527,1793.72,13,137.97845928485577
13787,-0.0020123124,1222.5,6,203.75
13799,-0.0012624264,2803.57,9,311.5077853732639
13800,-0.042413205,1679.5599,3,559.8533121744791
13813,-0.0007058978,2387.47,8,298.4337463378906
13815,-0.0068454146,6737.74,8,842.217529296875
13817,-0.030089587,328.98,2,164.49000549316406
13821,-0.037371516,1410.73,6,235.1216634114584
13823,-0.0021137595,3403.45,7,486.2071358816965
13824,-0.008343697,3314.76,12,276.23000081380206
13825,-0.012524277,255.59,2,127.79499816894533
13831,-0.014745951,7023.58,18,390.1988932291667
13834,-0.004258856,324.19,2,162.09500122070312
13835,-0.0070161223,1095.27,7,156.46714564732142
13837,-0.0055139363,271.24,2,135.6199951171875
13838,-0.0028158426,1966.09,10,196.60899658203124
13848,-0.018824339,3335.0,8,416.875
13849,-0.006422758,3469.3,5,693.860009765625
13851,-0.04237014,4606.46,8,575.8074951171875
13869,-0.027730227,8111.57,10,811.156982421875
13870,-0.037437916,5712.08,15,380.8053385416667
13871,-0.03780353,7885.85,17,463.87353515625
13875,-0.023400187,4814.37,14,343.8835797991072
13877,-0.030181766,449.68002,3,149.89334106445312
13878,-0.005857706,2473.06,4,618.2650146484375
13880,-0.026525319,4391.66,17,258.3329503676471
13883,-0.031502247,6535.37,14,466.81215122767856
13884,-0.012188315,1885.53,10,188.5530029296875
13889,-0.006164968,1991.23,6,331.8716634114583
13890,-0.0037272573,2927.38,14,209.0985630580357
13892,-0.010673046,1267.65,6,211.2750040690104
13895,-0.00800997,4008.52,6,668.086669921875
13897,-0.014359772,1160.72,3,386.9066569010417
13901,-0.031846046,5676.34,15,378.42265625
13908,-0.033552825,2319.55,4,579.8875122070312
13911,-0.016216815,4234.99,20,211.74951171875
13919,-0.026811242,1252.68,4,313.1700134277344
13931,-0.028577805,5212.38,11,473.8527166193182
13939,-0.0038950443,1560.96,7,222.99428013392856
13941,-0.022503793,11122.3,15,741.4866536458334
13946,-0.006538272,1876.23,6,312.7049967447917
13950,-0.0062556267,745.06,4,186.26499938964844
13953,-0.023096263,6640.68,12,553.3900146484375
13956,-0.0047115684,1026.42,5,205.2840087890625
13963,-0.041290417,2951.87,17,173.63941865808823
13971,-0.017174482,4667.57,14,333.3978445870536
13974,-0.012532532,677.72,2,338.8599853515625
13975,-0.023826003,5351.34,12,445.9449869791667
13979,-0.0030171871,3409.93,7,487.13284737723217
13980,-0.0011519194,799.92,5,159.98399658203124
13982,-0.007217169,4445.59,9,493.9544270833333
13983,-0.047743976,7108.45,21,338.4976283482143
13984,-0.015437007,2048.6,12,170.7166748046875
13988,-0.01938045,4757.8,8,594.7249755859375
13989,-0.0010790825,2026.06,5,405.21201171875
13993,-0.041412234,6775.71,19,356.61631373355266
13995,-0.008897543,3902.01,14,278.71500069754467
14006,-0.014401257,2196.67,7,313.8099888392857
14014,-0.015965343,1948.21,3,649.4033203125
14016,-0.016511798,11303.41,11,1027.5827414772727
14020,-0.0075763464,1249.01,4,312.25250244140625
14030,-0.032583833,8262.29,20,413.114501953125
14032,-0.014697969,4850.27,16,303.1418762207031
14035,-0.013699651,2856.72,9,317.413330078125
14037,-0.0007856488,836.95,6,139.49166870117188
14038,-0.0439806,3069.88,5,613.9759765625
14039,-0.04638517,267.28,2,133.63999938964844
14044,-0.007525265,3119.35,10,311.935009765625
14045,-0.002711594,11313.03,16,707.0643920898438
14047,-0.006433487,4255.03,14,303.93069893973217
14049,-0.02218008,13239.03,13,1018.3869441105768
14055,-0.024623513,1520.96,3,506.9866536458333
14064,-0.009427607,3332.42,15,222.161328125
14080,-0.0068609715,1115.68,5,223.1360107421875
14083,-0.008368194,1407.26,11,127.93272816051136
14087,-0.01493907,846.22,3,282.0733235677083
14099,-0.01733011,5765.71,20,288.285498046875
14101,-0.022146761,9961.93,13,766.3022836538462
14107,-0.016640127,4877.3,11,443.39089133522725
14108,-0.009023845,1044.96,4,261.239990234375
14111,-0.013785541,692.85,4,173.21249389648438
14112,-0.025933921,5834.59,13,448.81460336538464
14113,-0.0018931627,7092.61,16,443.2881164550781
14129,-0.016589463,2591.34,9,287.9266764322917
14133,-0.02062112,911.14,4,227.78500366210932
14145,-0.027571738,7600.05,7,1085.721400669643
14146,-0.027701795,9450.3,12,787.5249837239584
14147,-0.019640982,2590.2,9,287.7999945746528
14152,-0.021673024,1997.34,7,285.3342808314732
14157,-0.013431966,1002.77997,5,200.5559936523437
14159,-0.047964096,7921.79,20,396.089501953125
14167,-0.023161054,1296.49,8,162.06124877929688
14175,-0.005837798,7678.88,8,959.8599853515624
14177,-0.0027780533,2228.09,13,171.39154522235577
14180,-0.028480232,6319.25,33,191.49242424242425
14188,-0.01225245,2054.3599,6,342.393310546875
14191,-0.022144556,4817.66,15,321.17734375
14198,-0.008969903,1569.73,9,174.41444227430554
14204,-0.0037644506,1062.96,4,265.739990234375
14205,-0.0132469535,2414.2,9,268.24443901909723
14209,-0.020978808,4993.27,15,332.88466796875
14210,-0.03900218,5861.52,16,366.3450012207031
14211,-0.011664748,4379.79,18,243.3216688368056
14214,-0.011096835,1004.38,5,200.8760009765625
14215,-0.009158254,3416.33,9,379.59223090277777
14219,-0.04164809,633.83,3,211.27667236328125
14227,-0.02127862,6366.16,15,424.4106770833333
14235,-0.030427158,4717.99,9,524.2211371527778
14239,-0.023888052,4263.17,21,203.0080915178572
14249,-0.023319744,5625.46,12,468.788330078125
14257,-0.009281218,5954.45,9,661.6055772569445
14265,-0.005035341,1373.35,4,343.3374938964844
14276,-0.01871419,2102.68,7,300.38284737723217
14277,-0.03319466,16817.36,8,2102.169921875
14284,-0.022508144,1299.65,3,433.2166748046875
14285,-0.0021982193,3284.42,8,410.552490234375
14286,-0.039968252,8479.76,7,1211.394252232143
14290,-0.005843818,4516.56,8,564.5700073242188
14291,-0.04321277,7904.1,23,343.6565259850544
14292,-0.022434413,9226.25,16,576.640625
14293,-0.013956249,3267.93,9,363.1033257378472
14295,-0.009451151,2352.91,4,588.2274780273438
14301,-0.01886195,1992.1799,4,498.04498291015625
14306,-0.0064502954,3151.4,6,525.2333170572916
14307,-0.02840668,5071.03,10,507.102978515625
14309,-0.016810298,3780.81,11,343.71000532670456
14315,-0.021351278,3197.82,8,399.7275085449219
14326,-0.011389468,940.98,3,313.6599934895833
14327,-0.0040336847,1894.93,6,315.8216756184896
14329,-0.031053483,9927.22,15,661.8146484375
14332,-0.026766539,1943.51,5,388.702001953125
14334,-0.018580973,4318.48,12,359.8733317057292
14338,-0.049283206,928.1,3,309.3666585286458
14341,-0.010887504,4467.32,18,248.18443467881943
14375,-0.010628819,1130.04,3,376.6800130208333
14388,-0.027569115,6701.0,16,418.8125
14396,-0.0060204268,2121.93,7,303.13284737723217
14401,-0.015481114,6705.9,22,304.81363192471593
14404,-0.008604288,2899.11,13,223.00846980168268
14408,-0.019680917,4109.77,11,373.6154563210228
14413,-0.03944896,427.57,3,142.5233357747396
14414,-0.0021902919,2384.33,8,298.041259765625
14420,-0.011921406,1639.17,4,409.7925109863281
14421,-0.009460628,2469.37,6,411.5616861979167
14426,-0.0389843,11682.94,17,687.2317899816177
14427,-0.00922966,1263.52,4,315.8800048828125
14428,-0.0030431747,1244.83,5,248.9659912109375
14440,-0.017447531,6638.73,13,510.6715369591346
14441,-0.0217399,4611.69,11,419.2445401278409
14446,-0.011430025,1235.26,5,247.052001953125
14451,-0.006131828,3303.77,12,275.3141682942708
14452,-0.0031161308,665.59,4,166.3975067138672
14459,-0.008706868,5375.7397,2,2687.869873046875
14460,-0.008848548,1093.5,9,121.5
14461,-0.02971828,6700.51,13,515.423828125
14463,-0.04480642,786.57,4,196.6425018310547
14465,-0.038624346,3946.03,11,358.73000266335225
14466,-0.014806449,4646.9,13,357.4538386418269
14467,-0.005715847,2220.99,12,185.0824991861979
14471,-0.013696238,400.94998,2,200.47499084472656
14472,-0.011690021,2228.22,9,247.57999674479169
14474,-0.024994731,1278.08,2,639.0399780273438
14477,-0.018113554,1969.6,7,281.37142508370533
14478,-0.00060643256,1276.66,4,319.1650085449219
14480,-0.00907582,1299.52,4,324.8800048828125
14481,-0.0060065985,2311.49,5,462.297998046875
14484,-0.0123048425,1070.98,4,267.7449951171875
14493,-0.005316317,5130.15,10,513.014990234375
14499,-0.04939121,2138.97,7,305.567138671875
14506,-0.012955189,3290.67,7,470.095703125
14508,-0.0001013875,874.94,5,174.98800048828124
14512,-0.0014905334,1223.47,7,174.78142438616072
14514,-0.01741749,4598.98,9,510.9977756076389
14517,-0.004177183,330.44998,2,165.22499084472656
14522,-0.018456757,1758.62,8,219.82749938964844
14525,-0.037917912,8232.69,17,484.27590762867646
14527,-0.04093659,27732.77,121,229.1964424070248
14530,-0.030409396,6197.4,16,387.3374938964844
14533,-0.0026427507,3466.3699,11,315.12453391335225
14534,-0.030896068,6266.51,26,241.01960637019232
14535,-0.0253762,6019.39,9,668.8211263020834
14537,-0.029293656,641.4,2,320.70001220703125
14538,-0.041368544,1370.84,5,274.1679931640625
14540,-0.008780122,3795.3398,11,345.0308948863636
14541,-0.001169622,2499.68,14,178.54856654575892
14546,-0.020525753,5197.9,11,472.5363547585228
14548,-0.023913383,2627.49,9,291.9433322482639
14550,-0.025297761,1353.31,4,338.3275146484375
14551,-0.033497334,880.04,7,125.71999686104913
14555,-0.012861073,2315.63,6,385.9383138020833
14560,-0.037518978,6114.03,44,138.95522238991478
14562,-0.032839715,6729.4,26,258.8230731670673
14569,-0.009713113,598.98,4,149.7449951171875
14572,-0.028886437,5609.28,11,509.9345259232954
14577,-0.010344863,1374.25,7,196.32142857142856
14581,-0.013882399,418.8,2,209.3999938964844
14583,-0.012429833,1781.03,8,222.62875366210932
14593,-0.005931258,3704.51,12,308.70916748046875
14595,-0.002468288,2164.45,8,270.5562438964844
14597,-0.036420107,2201.54,6,366.92333984375
14606,-0.033992767,30544.69,184,166.00374702785325
14607,-0.040403247,22589.629,20,1129.4814453125
14608,-0.0059090257,3342.94,10,334.293994140625
14609,-0.021082878,1486.2,10,148.6199951171875
14618,-0.002167046,1342.32,7,191.7599923270089
14621,-0.0040683746,3000.57,9,333.3966742621528
14623,-0.01667869,2054.9,10,205.489990234375
14624,-0.004078388,814.07,6,135.67833455403647
14626,-0.02656132,5410.92,11,491.90181107954544
14628,-0.029402912,1998.0,5,399.6
14639,-0.02851981,4978.96,9,553.2177734375
14640,-0.015200436,3667.06,10,366.706005859375
14643,-0.00914979,1679.89,5,335.9780029296875
14644,-0.04445988,2247.72,7,321.1028529575893
14645,-0.042235672,876.89,3,292.2966715494792
14649,-0.021228552,3775.31,9,419.4788953993056
14651,-0.0034875274,2034.12,9,226.0133327907986
14653,-0.006911099,3426.28,11,311.48000266335225
14655,-0.024350345,3878.51,7,554.0728585379464
14662,-0.002496004,1416.33,7,202.33285086495536
14665,-0.0035985112,2749.65,7,392.80712890625
14676,-0.013089716,8356.79,12,696.399169921875
14681,-0.03367853,875.15,6,145.85833740234375
14691,-0.037655115,2114.33,5,422.866015625
14699,-0.03824178,702.60004,4,175.65000915527344
14701,-0.0216825,4562.09,15,304.1393229166667
14702,-0.016787946,6742.42,29,232.49723868534485
14704,-0.0029588342,1781.23,9,197.9144422743056
14708,-0.012164414,2212.28,5,442.456005859375
14710,-0.0001322031,1922.59,13,147.89153583233173
14712,-0.043480277,1328.07,4,332.0174865722656
14713,-0.024496973,5418.47,21,258.0223911830357
14714,-0.010670245,906.24,4,226.5599975585937
14715,-0.008883059,1824.55,8,228.0687561035156
14719,-0.023140669,1602.13,5,320.4260009765625
14723,-0.002026558,2085.91,11,189.628173828125
14725,-0.0067555904,1309.36,4,327.3399963378906
14732,-0.025222242,5517.07,19,290.3720960115132
14737,-0.035614967,3554.17,4,888.54248046875
14738,-0.009444654,1821.9,9,202.43333604600696
14741,-0.04959607,1897.5901,7,271.0842982700893
14744,-0.00334239,3885.08,14,277.50571986607144
14745,-0.0028009415,2571.81,12,214.3175048828125
14748,-0.00061643124,3152.32,10,315.2320068359375
14754,-0.013730109,1550.48,6,258.413330078125
14759,-0.0042770505,1625.97,3,541.989990234375
14766,-0.028559566,6556.13,11,596.0118075284091
14768,-0.042883277,192.6,2,96.3000030517578
14788,-0.018417835,1156.32,3,385.4399820963542
14790,-0.008910418,2526.62,10,252.66201171875
14793,-0.015124977,625.9,2,312.95001220703125
14798,-0.0076724887,724.31,8,90.53874969482422
14805,-0.004904449,1104.64,7,157.80571637834822
14818,-0.022126377,1170.41,6,195.0683390299479
14820,-0.00074476004,1274.76,9,141.64000108506946
14824,-0.001417458,4022.91,10,402.2909912109375
14825,-0.029943883,4925.08,24,205.211669921875
14828,-0.011683822,9839.46,13,756.8815354567307
14834,-0.015115082,2206.16,7,315.1657017299107
14835,-0.010542527,297.0,2,148.5
14837,-0.0072954297,3460.32,9,384.4800075954861
14841,-0.038167715,7163.0,14,511.6428571428572
14842,-0.02232635,2824.69,4,706.1724853515625
14844,-0.02953571,6702.43,10,670.243017578125
14851,-0.010630429,829.41,3,276.46999104817706
14854,-0.016783953,4322.86,11,392.9872602982954
14857,-0.0078065395,3651.85,7,521.69287109375
14859,-0.020307302,1705.64,5,341.1280029296875
14862,-0.041580856,841.2,2,420.6000061035156
14865,-0.026602268,129.72,4,32.43000030517578
14867,-0.0067956448,2952.06,16,184.50375366210932
14869,-0.005765617,2804.24,6,467.3733317057292
14871,-0.013248444,1247.72,9,138.63555230034723
14878,-0.02627647,4105.2397,25,164.20958984375
14882,-0.0030679703,3628.15,14,259.153564453125
14885,-0.020851552,1598.12,3,532.7066650390625
14891,-0.008220375,1106.73,4,276.6824951171875
14893,-0.022690713,1779.61,3,593.2033284505209
14894,-0.020776272,1492.8099,3,497.6033121744792
14897,-0.018494606,3140.54,8,392.5675048828125
14898,-0.004769385,3507.81,14,250.557861328125
14902,-0.0082798,1035.62,3,345.2066650390625
14905,-0.0036367774,1971.39,8,246.4237518310547
14907,-0.00846374,6165.79,16,385.3618774414063
14912,-0.046568632,1849.5801,5,369.916015625
14915,-0.01676172,1811.25,11,164.6590909090909
14916,-0.005322218,3042.95,8,380.3687438964844
14930,-0.01423496,5246.63,6,874.4383138020834
14936,-0.027647197,12410.81,12,1034.234130859375
14947,-0.0001296401,1049.79,6,174.96500651041666
14958,-0.0009249449,957.94,6,159.65666707356772
14959,-0.0037004948,695.42,4,173.85499572753906
14966,-0.00044500828,1115.84,6,185.97332763671875
14967,-0.007903099,1982.61,6,330.4349975585937
14970,-0.023735762,4919.35,12,409.9458414713542
14984,-0.0075340867,1271.41,6,211.90167236328125
14987,-0.009823918,1713.85,8,214.2312469482422
14997,-0.013759375,776.6,4,194.1499938964844
15002,-0.019646049,4817.28,9,535.2533094618055
15005,-0.04760909,14099.2,56,251.77143205915172
15012,-0.00208354,860.62,3,286.8733317057292
15022,-0.008479059,1186.09,5,237.2179931640625
15025,-0.037253797,1005.14,2,502.5700073242188
15027,-0.0105006695,3195.6,10,319.560009765625
15030,-0.0188213,1979.9099,8,247.48873901367188
15031,-0.0057965517,3156.58,14,225.4700055803572
15034,-0.041937888,8313.4,14,593.8143136160714
15046,-0.040079117,7781.64,25,311.26560546875
15048,-0.042898357,482.75,4,120.6875
15051,-0.0038520694,3933.91,9,437.1011013454861
15058,-0.010145724,3410.03,16,213.1268768310547
15059,-0.0030004382,3522.77,19,185.4089483963816
15068,-0.042692363,1176.85,4,294.2124938964844
15073,-0.0012943149,2788.02,8,348.50250244140625
15091,-0.025922298,1046.61,3,348.8699951171875
15097,-0.03149724,908.35,3,302.7833251953125
15101,-0.004731357,1477.94,6,246.3233235677084
15105,-0.009945333,3094.91,9,343.8788791232639
15106,-0.012038827,1422.52,5,284.50400390625
15110,-0.01176542,1505.85,6,250.9749959309896
15111,-0.008043289,2730.8699,5,546.173974609375
15116,-0.041851282,1352.75,4,338.1875
15117,-0.03065902,2485.97,8,310.7462463378906
15123,-0.028635621,4656.17,5,931.233984375
15124,-0.022208393,450.82,4,112.70500183105467
15126,-0.02920343,449.49,2,224.7449951171875
15128,-0.03248936,1783.68,5,356.7360107421875
15132,-0.010731101,977.93,5,195.58599853515625
15142,-0.036735177,2619.92,6,436.6533203125
15145,-0.01590377,1194.73,4,298.6824951171875
15149,-0.017871678,1524.61,4,381.1524963378906
15150,-0.019244492,9001.08,13,692.3907752403846
15152,-0.008490741,5263.83,14,375.9878627232143
15157,-0.014556646,2654.11,5,530.822021484375
15164,-0.009159088,2068.92,9,229.87999131944449
15172,-0.043994784,1624.05,5,324.810009765625
15179,-0.02519393,7491.92,13,576.3015324519231
15181,-0.017197609,1200.2,5,240.039990234375
15184,-0.01509285,689.95,4,172.4875030517578
15186,-0.004435897,1403.2,5,280.639990234375
15189,-0.011472464,17524.379,46,380.96475883152175
15192,-0.005635977,1981.39,5,396.2780029296875
15197,-0.020991802,1877.51,6,312.9183349609375
15198,-0.007570505,571.35,5,114.2699951171875
15201,-0.0078041553,1842.95,7,263.278564453125
15203,-0.013876498,4400.18,15,293.34534505208336
15208,-0.018437684,970.52,6,161.75333658854166
15210,-0.03764859,1176.1901,3,392.0633544921875
15215,-0.0026618838,2422.43,7,346.0614188058036
15216,-0.020595849,486.09,2,243.0449981689453
15237,-0.017861843,1412.3201,4,353.0800170898437
15240,-0.016533494,4459.98,12,371.6649983723958
15241,-0.0044637322,3050.16,11,277.28726473721593
15244,-0.007424116,912.08,3,304.02667236328125
15246,-0.00047991797,780.4,3,260.1333414713542
15252,-0.00448668,2103.41,5,420.681982421875
15253,-0.0021567345,2055.09,8,256.8862609863281
15255,-0.0014315248,3729.42,9,414.37999131944446
15270,-0.026677728,8524.86,21,405.9457310267857
15272,-0.002384305,2085.48,6,347.5799967447917
15287,-0.010510802,856.02997,5,171.20599365234375
15288,-0.010611236,3874.28,10,387.4280029296875
15289,-0.02777505,1593.09,5,318.6179931640625
15296,-0.029703677,10342.83,12,861.9025065104166
15299,-0.038972497,7391.54,9,821.2822265625
15306,-0.0010903478,3484.73,9,387.1922200520833
15312,-0.0035545826,2930.19,12,244.1824951171875
15314,-0.009701565,820.45,3,273.4833374023437
15321,-0.02718383,6709.73,12,559.1441650390625
15325,-0.00045663118,1602.01,8,200.25125122070312
15339,-0.010512292,1827.84,7,261.1199951171875
15359,-0.0075021014,181.35,8,22.668750762939453
15365,-0.008122504,4557.13,13,350.54845252403845
15366,-0.0003761053,2389.08,7,341.2971540178572
15367,-0.019379437,5081.33,11,461.9390980113636
15373,-0.01988244,3421.39,17,201.2582289751838
15376,-0.003284514,1233.36,3,411.1199951171875
15380,-0.0039334893,3479.06,11,316.2781871448864
15382,-0.021525145,13733.55,12,1144.4624837239585
15385,-0.012551665,942.08,3,314.02667236328125
15393,-0.026282907,891.33997,5,178.2679931640625
15394,-0.01851964,5286.8,11,480.6181640625
15416,-0.031097054,4572.82,7,653.2599748883929
15421,-0.004949987,3805.34,10,380.5340087890625
15423,-0.032687306,266.88998,3,88.9633280436198
15426,-0.012846351,2615.39,9,290.598876953125
15428,-0.010758877,762.75,4,190.6875
15434,-0.0052268505,2567.06,11,233.36909623579547
15443,-0.0067896247,5175.93,14,369.7092982700893
15462,-0.017149568,737.05,4,184.2624969482422
15466,-0.011908233,1571.01,4,392.7525024414063
15471,-0.03520441,1316.5599,3,438.8533121744792
15478,-0.027774334,1982.48,3,660.82666015625
15480,-0.016468346,3592.25,3,1197.4166666666667
15483,-0.0075749755,855.06,10,85.50599975585938
15484,-0.00931263,4656.0,6,776.0
15485,-0.008788526,5771.51,7,824.5013950892857
15489,-0.0022715926,2419.61,8,302.4512634277344
15493,-0.017381072,4306.4897,9,478.4988606770833
15494,-0.008598089,3780.05,5,756.010009765625
15497,-0.005440712,8657.39,9,961.9321831597222
15502,-0.031437457,10532.5205,12,877.7100423177084
15504,-0.020677805,412.6,4,103.1500015258789
15506,-0.012977302,2040.03,6,340.0050048828125
15514,-0.03981334,6591.02,18,366.1677788628472
15518,-0.010201514,4218.94,15,281.2626627604167
15521,-0.03706813,7096.09,16,443.505615234375
15523,-0.0073722005,17359.99,16,1084.9993896484375
15525,-0.031719506,1293.2,4,323.29998779296875
15527,-0.030191302,5574.79,23,242.38217561141303
15530,-0.00413692,1813.72,5,362.743994140625
15549,-0.0074525476,2342.21,8,292.7762451171875
15550,-0.008905232,2218.8,12,184.9000040690104
15561,-0.024628699,1934.39,8,241.7987518310547
15563,-0.005083978,2828.0,6,471.3333333333333
15569,-0.0029266477,3586.35,10,358.635009765625
15572,-0.0152365565,4068.67,10,406.8669921875
15573,-0.00077837706,1199.23,5,239.84599609375
15577,-0.011859357,397.98,5,79.59600219726562
15584,-0.002324462,1277.5,6,212.91666666666663
15602,-0.00492841,3230.51,16,201.9068756103516
15605,-0.017794132,1936.7999,9,215.1999918619792
15606,-0.028459787,5230.99,17,307.70530790441177
15611,-0.029157043,2976.28,24,124.0116678873698
15622,-0.04624772,7852.61,17,461.91822725183823
15623,-0.0006760359,2437.05,8,304.6312561035156
15628,-0.027136266,5652.2603,17,332.4858972886029
15630,-0.020490289,1451.4,3,483.8000081380208
15637,-0.0051802993,797.59,5,159.51800537109375
15641,-0.027974427,5345.55,12,445.4624837239583
15651,-0.020784914,1259.0599,5,251.8119873046875
15664,-0.0071623325,1231.53,4,307.88250732421875
15669,-0.007295251,684.33997,4,171.08499145507812
15673,-0.02113831,6414.79,9,712.7544487847222
15674,-0.025823295,6613.52,12,551.1266682942709
15675,-0.048120618,542.04,4,135.50999450683594
15680,-0.002820611,4507.58,10,450.7580078125
15681,-0.007548213,2989.7,14,213.5499965122768
15682,-0.005069047,318.24,2,159.1199951171875
15689,-0.022673309,521.02997,3,173.6766560872396
15690,-0.0014896095,239.76001,2,119.8800048828125
15696,-0.0011575818,3906.57,13,300.5053898737981
15711,-0.007658899,420.25,2,210.125
15712,-0.010507584,3472.41,12,289.36749267578125
15713,-0.004142523,1010.79004,4,252.697509765625
15714,-0.0016441345,784.81,5,156.96199951171874
15716,-0.0041210055,3054.29,11,277.6627308238636
15720,-0.03159684,741.92,2,370.9599914550781
15722,-0.02640611,5258.1,11,478.0090997869318
15727,-0.03647244,9445.51,15,629.7006510416667
15729,-0.01911737,192.54999,3,64.18332926432292
15745,-0.0133398175,1094.59,4,273.6474914550781
15747,-0.0021911263,2562.61,9,284.7344563802083
15750,-0.033123374,6797.19,18,377.6216634114583
15754,-0.013822794,3037.6099,9,337.51220703125
15755,-0.029642165,5993.12,17,352.5364774816176
15766,-0.013894916,831.06,3,277.01999918619794
15774,-0.0014463663,1328.69,6,221.4483235677084
15785,-0.02667433,5969.93,16,373.1206359863281
15786,-0.011077106,8514.82,5,1702.9640625
15791,-0.024394691,3608.34,5,721.668017578125
15793,-0.01622641,2399.5698,8,299.9462280273437
15796,-0.03145504,5174.83,17,304.4017693014706
15797,-0.03200543,2806.08,5,561.216015625
15799,-0.015606105,1424.29,4,356.072509765625
15803,-0.0104186535,1929.66,4,482.4150085449219
15807,-0.02548647,1817.52,5,363.50400390625
15810,-0.008903027,2999.04,8,374.8800048828125
15812,-0.020743668,5201.4697,12,433.455810546875
15814,-0.0058417916,2634.44,6,439.0733235677083
15819,-0.005013764,3934.79,10,393.47900390625
15822,-0.0054594874,1840.06,6,306.6766764322917
15826,-0.0062114596,2598.28,4,649.5700073242188
15827,-0.019149303,3794.07,28,135.50250244140625
15845,-0.017109811,4426.28,11,402.3890713778409
15847,-0.019138157,822.57,5,164.51400146484374
15850,-0.0013433695,1058.72,6,176.45332845052084
15852,-0.0061464906,257.26,3,85.75333658854167
15854,-0.02496767,5583.81,21,265.89571707589283
15858,-0.012232244,3960.3699,13,304.64383638822113
15860,-0.010685027,2502.71,17,147.21823299632354
15861,-0.026987135,4378.49,12,364.8741861979167
15863,-0.023380399,358.69998,5,71.73999633789063
15864,-0.020195782,2180.7598,7,311.537109375
15865,-0.046478033,2248.92,5,449.783984375
15867,-0.049139023,9010.52,31,290.66192036290323
15872,-0.008286178,793.18,4,198.2949981689453
15881,-0.004543174,501.38998,5,100.27799682617189
15885,-0.0007970929,1918.87,13,147.60538423978366
15886,-0.010402143,1052.87,4,263.2174987792969
15889,-0.002519548,1782.33,8,222.791244506836
15898,-0.01645714,5592.56,25,223.70240234375
15900,-0.00077974796,900.4,4,225.1000061035156
15903,-0.023361742,8939.84,12,744.9866536458334
15912,-0.014300823,1074.7,9,119.41110568576389
15916,-0.00454247,3427.17,13,263.62845552884613
15920,-0.009539187,567.69,8,70.96125030517578
15950,-0.0031017065,7180.71,10,718.07099609375
15951,-0.04024023,1013.17,3,337.72332763671875
15952,-0.041404426,806.57,4,201.6425018310547
15953,-0.005684614,3669.55,18,203.8638916015625
15967,-0.0022949576,3041.6,12,253.4666748046875
15969,-0.002676189,1127.05,5,225.410009765625
15971,-0.02193433,5897.88,18,327.6599934895833
15978,-0.014575005,3279.42,3,1093.1399739583333
15983,-0.0043185353,3958.82,8,494.8525085449219
15984,-0.049654305,8759.32,30,291.97734375
15988,-0.033115566,767.59,3,255.86334228515625
15990,-0.009819746,2010.0499,7,287.14998953683033
15994,-0.017087877,1202.1799,3,400.7266438802083
15998,-0.046405375,8308.34,16,519.271240234375
16003,-0.0079827905,5613.83,10,561.3830078125
16008,-0.015791059,5384.13,15,358.9419921875
16011,-0.02476722,5878.76,29,202.71585398706893
16012,-0.005446136,2989.79,5,597.9580078125
16014,-0.0062636733,1130.27,5,226.05400390625
16017,-0.003093481,1553.83,5,310.7659912109375
16018,-0.005327761,698.13,4,174.53250122070312
16027,-0.013904154,2048.36,15,136.55734049479167
16031,-0.03707075,548.94,2,274.4700012207031
16036,-0.022077084,2556.8398,4,639.2099609375
16040,-0.012377143,2416.9,7,345.2714146205357
16050,-0.002790153,300.7,3,100.23333740234376
16053,-0.0074220896,3634.84,6,605.8066813151041
16057,-0.01489985,3854.85,10,385.485009765625
16059,-0.0064456463,3217.77,12,268.1475016276042
16062,-0.0026453733,2863.45,8,357.9312438964844
16065,-0.009459702,2382.62,8,297.8275146484375
16071,-0.0011741519,1076.8,4,269.20001220703125
16081,-0.019921482,4460.18,8,557.5225219726562
16085,-0.0055401325,2327.21,12,193.9341634114584
16094,-0.004997909,3695.56,11,335.96000532670456
16098,-0.016170382,4448.1,14,317.721435546875
16099,-0.019592226,1573.2,7,224.74285016741072
16103,-0.047961354,6191.71,22,281.44136186079544
16104,-0.001963079,2778.6099,9,308.73442925347223
16108,-0.0053471327,2235.92,4,558.97998046875
16115,-0.007951736,2567.64,12,213.9699910481771
16119,-0.0007554889,1720.8099,8,215.1012420654297
16126,-0.011159241,14646.8,15,976.4533203125
16127,-0.043296754,801.31,2,400.6549987792969
16131,-0.020503402,9957.42,12,829.7849934895834
16136,-0.009100437,946.8,4,236.6999969482422
16139,-0.03008312,1111.15,5,222.2300048828125
16141,-0.017286807,955.94,2,477.9700012207031
16143,-0.0148739815,4910.83,12,409.23583984375
16147,-0.005042255,2398.91,5,479.781982421875
16150,-0.029111087,4395.59,10,439.558984375
16156,-0.02545482,6218.18,20,310.9090087890625
16174,-0.002467513,2246.75,7,320.9642857142857
16177,-0.0015394092,2247.31,8,280.91375732421875
16182,-0.024641633,9971.65,9,1107.961154513889
16185,-0.016563416,644.72,3,214.90665690104169
16190,-0.001655519,2723.55,8,340.4437561035156
16191,-0.047933698,15688.02,24,653.66748046875
16200,-0.0051000714,5643.45,12,470.2875162760417
16201,-0.045200944,2112.1199,5,422.423974609375
16204,-0.011794388,944.24,3,314.7466634114583
16208,-0.009552419,3440.45,10,344.0449951171875
16211,-0.025121868,1090.59,3,363.5299886067708
16212,-0.03705567,1293.71,4,323.427490234375
16221,-0.016773403,2228.16,9,247.5733235677084
16225,-0.007307172,2867.41,15,191.1606608072917
16227,-0.0023200214,1027.22,3,342.4066569010417
16233,-0.0059949756,1965.71,9,218.41221788194449
16253,-0.02245444,7260.15,7,1037.164271763393
16255,-0.015935004,4906.8,15,327.11998697916664
16256,-0.028689299,1579.37,3,526.4566650390625
16266,-0.020921052,1757.95,14,125.56785365513392
16271,-0.0042057633,3433.02,8,429.1275024414063
16279,-0.003947139,5705.08,9,633.8977864583334
16281,-0.019539118,3424.02,3,1141.3400065104167
16283,-0.020873964,4402.12,8,550.2650146484375
16284,-0.047368646,1029.77,3,343.2566731770833
16293,-0.010481179,4657.95,15,310.53001302083334
16303,-0.005513847,7928.27,7,1132.610002790179
16308,-0.020178735,5120.0,7,731.4285714285714
16309,-0.0386571,706.57,2,353.2850036621094
16317,-0.041668057,2192.51,5,438.502001953125
16321,-0.031628072,604.55,7,86.36428397042411
16325,-0.011077046,3597.5,12,299.7916666666667
16326,-0.020642221,4731.9897,24,197.1662394205729
16327,-0.032235563,10670.14,16,666.8837280273438
16330,-0.009275019,634.33,7,90.61857386997768
16332,-0.0031132102,2007.89,11,182.5354558771307
16341,-0.028574526,3850.79,7,550.1128627232143
16347,-0.0019586086,3509.41,11,319.03726473721593
16348,-0.018478334,1795.88,8,224.4850006103516
16358,-0.027238011,2919.65,5,583.92998046875
16359,-0.0030853152,2697.75,16,168.609375
16365,-0.004894018,3307.2,15,220.4799967447917
16366,-0.004799366,1548.13,4,387.0325012207031
16372,-0.0013841987,1328.61,5,265.7219970703125
16374,-0.027331293,1757.6,5,351.5199951171875
16383,-0.012576878,2966.14,7,423.7342703683036
16385,-0.0010361075,1030.61,5,206.1219970703125
16386,-0.012235701,1102.59,3,367.5299886067708
16389,-0.002462387,1382.07,4,345.5174865722656
16392,-0.03802421,761.8,3,253.9333292643229
16393,-0.015585959,5561.66,23,241.8113111413044
16394,-0.022434235,1555.34,5,311.0679931640625
16395,-0.0028656125,3537.0,14,252.6428571428572
16399,-0.044659436,640.02,3,213.34000651041663
16400,-0.0022404194,3159.44,9,351.04888237847223
16401,-0.043690562,6847.45,23,297.7152258831522
16406,-0.024021924,552.68,3,184.2266642252604
16409,-0.025600433,5709.04,12,475.7533365885417
16412,-0.0025755763,647.23,5,129.44599609375
16413,-0.04581958,528.98,2,264.489990234375
16414,-0.031907856,559.71,5,111.94200439453124
16415,-0.009896278,719.44,3,239.8133341471354
16416,-0.0019894838,2972.88,9,330.3199869791667
16419,-0.01734364,1487.42,8,185.9275054931641
16430,-0.0032938719,1102.94,6,183.8233235677084
16434,-0.0038580298,2741.74,12,228.47833251953125
16440,-0.024531841,3856.97,6,642.8283284505209
16441,-0.020049512,1028.48,5,205.69599609375
16442,-0.00504452,899.47,5,179.893994140625
16444,-0.018116295,3656.58,17,215.0929457720588
16447,-0.025913656,775.13995,3,258.37998453776044
16450,-0.021177173,1505.73,3,501.9099934895833
16451,-0.009454012,1013.15,3,337.7166748046875
16455,-0.014828622,4384.37,11,398.5791015625
16458,-0.028427362,5715.34,30,190.511328125
16466,-0.008826733,3838.59,15,255.906005859375
16485,-0.0057408214,2294.68,5,458.935986328125
16493,-0.017788172,2132.09,7,304.5842982700893
16497,-0.04829198,6695.28,23,291.09912109375
16499,-0.0016317144,2578.34,8,322.2925109863281
16500,-0.0033254027,843.91003,9,93.76778157552084
16511,-0.032745183,1817.02,6,302.836669921875
16519,-0.0070161223,554.16,4,138.5399932861328
16531,-0.040461183,2298.33,11,208.93909801136363
16532,-0.009144545,8756.64,5,1751.3279296875
16544,-0.017893046,376.7,4,94.1750030517578
16550,-0.04293865,9429.23,18,523.8461371527778
16551,-0.006373167,2237.12,7,319.58858816964283
16552,-0.048911273,475.02002,2,237.510009765625
16555,-0.03286153,1915.68,6,319.28000895182294
16556,-0.04546684,8012.58,17,471.32823988970586
16560,-0.0018180013,3048.38,8,381.0474853515625
16563,-0.0025157928,4422.7603,6,737.126708984375
16566,-0.01714468,614.66,5,122.93199462890624
16569,-0.00469321,1455.23,5,291.04599609375
16571,-0.018883526,4248.74,10,424.8740234375
16574,-0.020039856,1301.78,3,433.9266764322917
16584,-0.03339845,3163.67,5,632.733984375
16585,-0.008960903,341.59,2,170.7949981689453
16589,-0.036640406,612.36,4,153.08999633789062
16592,-0.048710704,7807.91,28,278.8539341517857
16593,-0.0050625205,1071.14,8,133.8925018310547
16595,-0.007093668,1810.18,5,362.0360107421875
16596,-0.013161898,579.63,4,144.90750122070312
16600,-0.0114277005,2153.41,13,165.64691631610577
16601,-0.011020482,683.07996,3,227.69331868489584
16607,-0.023909211,5706.87,25,228.2748046875
16611,-0.009825766,1785.13,6,297.52166748046875
16612,-0.009448409,3245.43,9,360.6033257378472
16620,-0.01955098,1758.93,6,293.15500895182294
16621,-0.008736789,813.48,4,203.3699951171875
16628,-0.013033152,2318.0999,7,331.1571219308036
16637,-0.026250482,1154.47,4,288.61749267578125
16648,-0.009412169,672.8,3,224.26666259765625
16650,-0.002287805,1916.11,7,273.72999790736606
16652,-0.03924465,17550.39,16,1096.8994140625
16655,-0.007168293,6548.37,13,503.7207782451923
16660,-0.0320217,1879.5499,7,268.5071323939732
16666,-0.023749232,225.94,2,112.97000122070312
16668,-0.0027216673,862.42,13,66.33999868539664
16670,-0.044519544,8030.15,20,401.5074951171875
16671,-0.0449332,1692.2699,3,564.0899658203125
16680,-0.010740161,821.45,3,273.81667073567706
16681,-0.03243929,1921.84,7,274.54856654575894
16682,-0.043471873,1028.0,5,205.6
16686,-0.019422174,5070.92,16,316.9324951171875
16693,-0.019184172,1199.46,5,239.8919921875
16709,-0.023850918,9087.46,14,649.1042829241071
16710,-0.043598413,6349.09,22,288.59499289772725
16711,-0.016211748,2868.48,9,318.7199978298611
16715,-0.029141903,625.52,2,312.760009765625
16717,-0.007765174,6986.23,14,499.0164271763393
16719,-0.003965616,3968.3,14,283.4500034877232
16720,-0.01698625,603.48,3,201.1599934895833
16722,-0.046281934,8989.08,22,408.5945490056818
16723,-0.007367611,1301.63,4,325.4075012207031
16732,-0.004102111,4387.64,4,1096.9100341796875
16735,-0.03539765,6270.56,14,447.8971470424107
16737,-0.027655005,835.2,2,417.6000061035156
16743,-0.011230409,4253.26,14,303.8042689732143
16748,-0.008026838,3637.33,14,259.80929129464283
16763,-0.047731042,964.7,2,482.3500061035156
16768,-0.018278837,1708.12,9,189.7911105685764
16771,-0.016593277,3939.1,10,393.910009765625
16773,-0.030202985,421.24,3,140.413330078125
16774,-0.0008353591,1594.45,8,199.3062438964844
16777,-0.034448385,1307.76,5,261.552001953125
16788,-0.03795725,1948.65,5,389.7300048828125
16791,-0.0055292845,4025.94,15,268.39599609375
16805,-0.004134059,1082.24,4,270.5599975585937
16809,-0.020419478,1727.4299,9,191.9366590711805
16830,-0.001329422,1207.5,4,301.875
16833,-0.025175631,2409.04,6,401.5066731770833
16835,-0.0174855,1538.41,6,256.40167236328125
16836,-0.0101720095,782.37,4,195.59249877929688
16841,-0.0037840009,4006.06,12,333.8383382161458
16846,-0.018055081,842.41,3,280.80332438151044
16847,-0.03715372,614.89,2,307.44500732421875
16859,-0.010016441,1932.41,7,276.05857631138394
16863,-0.02432096,998.52,3,332.8400065104167
16873,-0.019953966,14617.39,12,1218.1158040364585
16875,-0.017308056,4234.53,11,384.9572531960228
16880,-0.03350079,1840.86,8,230.1074981689453
16883,-0.005513072,2396.59,19,126.13632041529604
16884,-0.0022411346,1073.92,4,268.4800109863281
16885,-0.008789301,709.49,4,177.37249755859375
16887,-0.009100854,660.72,3,220.239990234375
16891,-0.00056397915,2056.82,11,186.983642578125
16892,-0.009241343,760.85,7,108.69285365513392
16905,-0.016004503,5031.65,17,295.9794060202206
16912,-0.008709371,4480.31,15,298.6873372395833
16915,-0.013827622,1543.18,11,140.2890957919034
16916,-0.023116231,1117.5,4,279.375
16918,-0.006293237,3213.29,16,200.83062744140625
16921,-0.030023098,446.66998,3,148.8899943033854
16928,-0.019090056,4013.78,26,154.37615497295673
16932,-0.01700908,440.71,3,146.90333048502603
16933,-0.008732617,3181.25,9,353.47222222222223
16934,-0.0051935315,2110.99,6,351.8316650390625
16938,-0.015179932,7043.18,9,782.5755750868055
16940,-0.022830427,6427.66,8,803.45751953125
16950,-0.0025758147,3776.37,10,377.63701171875
16952,-0.0076189637,798.78,5,159.756005859375
16954,-0.027422965,6081.88,20,304.093994140625
16960,-0.013075829,2041.48,8,255.1849975585937
16978,-0.031277597,768.88,3,256.2933349609375
16979,-0.022222698,2859.74,9,317.74888780381946
16984,-0.0032289028,10751.85,9,1194.6499565972222
16986,-0.007209897,4888.75,11,444.4318181818182
16987,-0.0109039545,2513.95,11,228.54090465198863
16992,-0.014903128,5476.5,13,421.2692307692308
17002,-0.00804013,2571.55,7,367.36429268973217
17004,-0.026910007,2425.16,4,606.2899780273438
17006,-0.0018982291,1636.32,8,204.5399932861328
17011,-0.0178743,671.7,3,223.9000040690104
17018,-0.032115817,2287.7,6,381.2833251953125
17019,-0.013190091,3991.9,11,362.8999911221591
17025,-0.006152034,1510.64,5,302.1280029296875
17026,-0.009539723,208.98001,3,69.66000366210938
17027,-0.01963836,1318.71,9,146.52332899305554
17029,-0.019690216,2137.3,7,305.32857840401783
17031,-0.0055372715,2773.85,6,462.308349609375
17041,-0.0052272677,1666.28,6,277.7133382161458
17042,-0.007894158,1044.38,5,208.8760009765625
17043,-0.011812687,2616.55,8,327.0687561035156
17044,-0.0023741126,11962.3,12,996.8583170572916
17047,-0.028843164,2289.23,6,381.538330078125
17048,-0.01504159,2071.68,7,295.9542759486607
17050,-0.019213796,4391.66,10,439.166015625
17058,-0.045567036,1179.89,3,393.2966715494792
17059,-0.013070047,5602.53,9,622.5033094618055
17063,-0.013387382,3638.53,13,279.88692533052887
17068,-0.020497859,9132.33,47,194.3048952792553
17069,-0.023949385,5794.28,14,413.8771275111607
17071,-0.008204401,3801.2,13,292.3999962439904
17075,-0.0036946535,2241.73,10,224.172998046875
17076,-0.026158512,1242.75,6,207.125
17081,-0.00022655725,964.39,6,160.7316691080729
17082,-0.025605977,4732.03,6,788.671630859375
17083,-0.017509043,4049.79,9,449.97667100694446
17088,-0.033602834,1991.01,4,497.7525024414063
17091,-0.02628541,7811.1,19,411.1105314555921
17092,-0.029067159,5594.96,11,508.6327237215909
17095,-0.021765769,2572.25,7,367.4642857142857
17096,-0.018370867,3759.18,11,341.74363014914775
17101,-0.0012155771,2507.05,7,358.15000697544644
17107,-0.023080409,16075.42,10,1607.5419921875
17115,-0.015869975,2761.49,7,394.49857003348217
17133,-0.027814329,14622.33,12,1218.5275065104167
17135,-0.009902418,1948.36,10,194.83599853515625
17143,-0.03750226,924.11,2,462.0549926757813
17146,-0.028659225,5860.2397,13,450.7876727764423
17147,-0.006040454,3199.95,9,355.5499945746528
17155,-0.0018063188,892.46,7,127.4942888532366
17157,-0.002926588,5151.9,19,271.15262643914474
17158,-0.04858786,1980.0,5,396.0
17159,-0.006731212,2099.59,5,419.918017578125
17160,-0.037144065,10209.16,17,600.5388327205883
17163,-0.007956922,699.78,4,174.94500732421875
17169,-0.012350023,1156.73,3,385.57666015625
17172,-0.011446476,956.57,3,318.85666910807294
17175,-0.008906484,1443.6901,4,360.9225158691406
17180,-0.011826277,2256.98,11,205.1799982244318
17181,-0.048463106,465.37,3,155.12333170572916
17187,-0.0051285326,467.71,2,233.85499572753903
17188,-0.008621633,4592.93,13,353.3023212139423
17189,-0.0007303357,957.63,5,191.5260009765625
17191,-0.020016372,4833.1,15,322.20667317708336
17193,-0.0046550035,2310.04,9,256.6711154513889
17198,-0.011656225,1213.88,3,404.6266682942708
17201,-0.001260519,1231.54,4,307.885009765625
17205,-0.0026192665,999.35,3,333.1166585286458
17211,-0.00854516,4046.65,13,311.28076171875
17213,-0.007884502,5182.3,13,398.6384465144231
17218,-0.0053845644,4190.68,18,232.8155653211805
17220,-0.019271195,4475.85,21,213.1357189360119
17221,-0.0061555505,978.51996,5,195.7039916992188
17222,-0.0014740229,1589.11,6,264.85166422526044
17227,-0.0107219815,2022.03,12,168.50250244140625
17228,-0.0045354366,3177.24,13,244.403076171875
17233,-0.021948993,560.86,3,186.95332845052084
17236,-0.007250309,1929.26,12,160.77166748046875
17237,-0.019131362,1002.08,4,250.5200042724609
17238,-0.03218031,7779.65,32,243.1140594482422
17242,-0.004073262,2889.28,5,577.856005859375
17244,-0.019885778,1826.04,5,365.2080078125
17262,-0.002669096,2757.62,11,250.6927379261364
17266,-0.02422911,517.73,5,103.54599609375
17268,-0.01903963,1733.89,11,157.62636496803978
17287,-0.014287353,4111.96,21,195.8076171875
17289,-0.00019615889,2079.39,9,231.04332139756943
17293,-0.0075823665,3774.23,17,222.01352826286765
17298,-0.0023965836,941.66,5,188.33199462890624
17299,-0.00616163,1016.08,6,169.34666951497397
17301,-0.03561616,330.43,2,165.21499633789062
17302,-0.0043307543,1135.63,5,227.1260009765625
17309,-0.025541484,330.59,3,110.19666544596356
17311,-0.007274151,3566.56,6,594.4266764322916
17314,-0.017376304,4904.43,17,288.4958926930147
17320,-0.018967688,2895.77,6,482.6283365885417
17321,-0.0026626587,1741.1799,6,290.1966552734375
17322,-0.049129635,922.59,5,184.5180053710937
17323,-0.005065024,1562.1901,12,130.18250528971353
17324,-0.00184232,2301.87,12,191.822509765625
17329,-0.013344526,1004.43,5,200.88599853515623
17330,-0.03107822,423.8,4,105.9499969482422
17346,-0.023296833,5315.8,26,204.45383864182693
17348,-0.007908344,2464.31,9,273.8122287326389
17350,-0.0021229386,1906.04,7,272.2914341517857
17351,-0.024333596,1964.38,12,163.69833374023438
17353,-0.010892749,3242.0,4,810.5
17359,-0.02016598,284.46,2,142.22999572753906
17361,-0.006176412,880.64,5,176.1280029296875
17365,-0.034861863,8219.94,15,547.9960286458333
17368,-0.0068484545,2826.14,14,201.86713518415172
17371,-0.004443407,658.55,6,109.75833129882812
17372,-0.03136605,4346.71,27,160.9892578125
17373,-0.002173543,1167.5,7,166.78571428571428
17377,-0.014138162,18311.42,78,234.76179387019232
17386,-0.03608477,2812.77,7,401.8242885044643
17388,-0.0064769983,2691.5698,11,244.6881658380682
17400,-0.011545122,4677.05,8,584.6312255859375
17402,-0.017881334,5061.18,22,230.0536443536932
17409,-0.023785591,7793.51,10,779.3509765625
17410,-0.016914725,1214.72,5,242.943994140625
17411,-0.038758636,1425.38,5,285.0760009765625
17412,-0.014722347,4417.52,16,276.0950012207031
17414,-0.0070068836,2249.52,6,374.9200032552083
17419,-0.028562248,6500.52,18,361.1400010850695
17423,-0.020965457,1118.9501,3,372.9833577473958
17426,-0.02612257,8077.77,13,621.3669245793269
17432,-0.002284348,1751.39,9,194.59889051649304
17442,-0.016649127,4620.3,15,308.0199869791667
17449,-0.01851362,4948.15,13,380.6269155649039
17457,-0.034854233,5984.81,14,427.4864327566965
17460,-0.01275593,2228.27,16,139.26687622070312
17463,-0.012103915,2552.01,7,364.5728585379464
17469,-0.016033053,5051.25,17,297.13235294117646
17483,-0.02134782,591.73,4,147.9324951171875
17490,-0.0056274533,2750.5,9,305.6111111111111
17491,-0.035526037,5981.07,17,351.82763671875
17492,-0.031824857,1122.42,3,374.1400146484375
17512,-0.012667656,5467.82,18,303.7677680121528
17519,-0.01781869,5109.47,15,340.63134765625
17522,-0.03946489,1066.15,5,213.2300048828125
17526,-0.021073818,4166.04,12,347.1700032552083
17534,-0.001964271,1668.83,5,333.7659912109375
17536,-0.0023178458,364.83002,3,121.61000569661458
17540,-0.0106681585,1590.6,6,265.0999959309896
17545,-0.004306555,1446.04,6,241.0066731770833
17552,-0.00051891804,3085.29,12,257.1075032552083
17555,-0.003408432,1057.74,5,211.547998046875
17557,-0.029816508,575.46,4,143.86500549316406
17560,-0.008147597,1895.8,8,236.9750061035156
17561,-0.0026278496,719.39,4,179.84750366210938
17572,-0.024240613,723.01,10,72.3010009765625
17576,-0.03797555,9050.46,41,220.7429258765244
17579,-0.0046107173,753.28,4,188.32000732421875
17584,-0.0033009052,5309.42,6,884.9033203125
17588,-0.015785694,2939.55,7,419.9357212611607
17591,-0.0032657385,2776.67,8,347.083740234375
17593,-0.0047668815,8065.8,11,733.2545276988636
17594,-0.004763067,2497.88,4,624.469970703125
17596,-0.01739806,4920.67,13,378.5130709134616
17602,-0.019551277,7451.13,14,532.2235630580357
17603,-0.005120456,1793.48,4,448.3699951171875
17608,-0.035446525,498.53,4,124.63249969482422
17609,-0.0066937804,1881.8,11,171.07273171164772
17612,-0.029053092,5372.36,18,298.4644368489583
17618,-0.018820286,4073.24,11,370.2945445667614
17621,-0.008376539,3175.1199,6,529.1866455078125
17623,-0.0016962886,2383.67,7,340.52427455357144
17625,-0.020983577,6052.8,8,756.5999755859375
17631,-0.0062143207,998.49,7,142.64142717633928
17640,-0.0024023652,3168.94,6,528.1566569010416
17642,-0.0036976337,1824.49,5,364.897998046875
17644,-0.039726198,6028.6,20,301.4300048828125
17651,-0.01274693,5703.52,16,356.4700012207031
17660,-0.031066,359.47,2,179.73500061035156
17663,-0.024834037,5175.83,17,304.4605928308824
17664,-0.040713847,1166.23,4,291.5574951171875
17666,-0.0007660389,2047.8,5,409.560009765625
17667,-0.014374137,3950.7,9,438.96666124131946
17669,-0.015757084,6142.35,10,614.235009765625
17672,-0.01511085,5663.7397,6,943.9566243489584
17673,-0.012158453,4233.58,13,325.66000600961536
17676,-0.0023798347,2765.84,10,276.5840087890625
17679,-0.006211221,3577.6099,7,511.0871233258928
17682,-0.015194774,4456.78,11,405.1617986505682
17685,-0.02901727,5943.17,12,495.26416015625
17686,-0.00941968,8296.81,9,921.8677300347222
17689,-0.025318429,317.08,2,158.5399932861328
17695,-0.0038020015,1746.04,5,349.2080078125
17696,-0.03224325,7679.59,27,284.42925347222223
17700,-0.032494366,6679.9697,14,477.1406947544643
17703,-0.019458532,1094.8401,4,273.71002197265625
17705,-0.008954406,2083.9,11,189.44544566761363
17707,-0.013763964,609.3,8,76.1624984741211
17709,-0.008281827,671.01,5,134.202001953125
17720,-0.009136498,2768.91,10,276.8909912109375
17728,-0.030520022,4238.76,5,847.751953125
17731,-0.008812547,1708.99,6,284.8316650390625
17734,-0.008759439,1442.32,6,240.3866577148437
17735,-0.026752234,17244.93,26,663.2665264423077
17738,-0.018050134,4183.56,13,321.8123121995192
17739,-0.023503006,7730.59,18,429.4772135416667
17742,-0.0033077598,2098.48,11,190.7709073153409
17749,-0.04917723,1026.18,3,342.0600179036458
17754,-0.01821053,4577.5303,13,352.11771334134613
17757,-0.030841887,9418.5,56,168.1875
17758,-0.027290046,5012.53,12,417.7108154296875
17759,-0.0077618957,1271.91,5,254.3820068359375
17760,-0.0020300746,918.93,6,153.15499877929688
17764,-0.03639716,1623.64,5,324.7280029296875
17768,-0.0070449114,3509.51,7,501.3585728236607
17769,-0.03964615,7103.08,17,417.82823988970586
17774,-0.01578927,3327.05,9,369.6722276475695
17785,-0.014486134,403.38,3,134.46000162760416
17795,-0.009676278,350.39,2,175.19500732421875
17796,-0.038190603,1361.99,7,194.56999860491072
17797,-0.0013506413,1985.87,8,248.23374938964844
17799,-0.028727472,6341.89,20,317.0945068359375
17802,-0.0024721026,5053.12,10,505.31201171875
17809,-0.042990267,11337.39,20,566.869482421875
17816,-0.009580374,112.32,6,18.71999994913737
17819,-0.0136368275,6612.52,12,551.0433349609375
17827,-0.01829487,2388.05,6,398.0083414713542
17838,-0.012767792,6722.9,13,517.1461463341346
17848,-0.033096194,3619.75,30,120.65833333333332
17852,-0.01364243,663.21,5,132.64200439453126
17854,-0.013423085,1071.45,6,178.57499186197916
17861,-0.018570125,5127.69,18,284.8716634114583
17863,-0.027717113,5745.2,12,478.7666829427083
17866,-0.017966509,1134.95,3,378.316650390625
17867,-0.016589105,1599.95,14,114.28213936941964
17873,-0.0173136,6386.5,18,354.80555555555554
17883,-0.011883616,995.85,7,142.2642822265625
17884,-0.0029415488,3067.89,20,153.39449462890624
17886,-0.021316767,1608.38,6,268.06333414713544
17908,-0.0052826107,1411.54,5,282.3080078125
17912,-0.0038762884,372.55,6,62.09166463216146
17923,-0.0029274784,497.0,3,165.66666666666666
17928,-0.0137575865,313.16,3,104.3866678873698
17929,-0.01270628,3082.0999,12,256.84165445963544
17930,-0.008998692,4275.22,13,328.8630934495192
17931,-0.0060694814,3437.29,14,245.5207170758929
17932,-0.022908568,1331.57,3,443.8566487630208
17934,-0.04425478,1049.15,3,349.7166748046875
17935,-0.009726167,683.24,7,97.605712890625
17940,-0.022868872,28475.98,14,2033.9986049107144
17941,-0.0052347183,1433.28,4,358.32000732421875
17950,-0.004551828,1432.81,7,204.68715122767856
17954,-0.003934264,3963.5,19,208.6052631578948
17958,-0.045964777,973.88,2,486.9400024414063
17961,-0.032193303,2995.54,100,29.955400390625
17962,-0.012940705,686.37,4,171.59249877929688
17965,-0.035585046,7237.23,29,249.5596544989224
17966,-0.037760794,1974.42,10,197.44200439453124
17969,-0.0017749667,2366.19,20,118.3094970703125
17984,-0.0008966327,1187.77,5,237.55400390625
17988,-0.010713041,485.69,13,37.36076941856971
17994,-0.010085523,2307.32,11,209.75636985085228
18001,-0.004531741,953.83997,6,158.97332763671875
18006,-0.004615009,997.86,4,249.46499633789065
18016,-0.0047243834,1960.46,7,280.0657087053572
18017,-0.013334572,688.0,4,172.0
18036,-0.013800204,1563.64,11,142.14909224076703
18037,-0.0143915415,167.42,15,11.16133321126302
18041,-0.043805778,8752.38,38,230.32578638980263
18044,-0.01696235,3505.6099,18,194.756103515625
18049,-0.03176549,556.1,2,278.04998779296875
18058,-0.023416638,774.06,3,258.01999918619794
18061,-0.016920984,6488.9697,28,231.7489188058036
18064,-0.021620035,4495.03,11,408.6390713778409
18065,-0.027400672,5846.63,28,208.8082101004464
18066,-0.027436197,1440.4,3,480.1333414713542
18069,-0.026793659,4517.96,11,410.7236328125
18077,-0.004602194,4338.56,18,241.03111436631943
18092,-0.025139928,16179.439,18,898.8577473958334
18093,-0.015899897,4452.71,8,556.5887451171875
18094,-0.031939328,6391.52,13,491.65538611778845
18097,-0.015140891,4663.32,11,423.9381658380682
18101,-0.0035564303,629.16,5,125.83199462890624
18109,-0.02157712,9893.96,38,260.3673673930921
18112,-0.007482469,775.96,4,193.9900054931641
18135,-0.0012224913,1249.62,10,124.96199951171874
18144,-0.012112558,5058.0,19,266.2105263157895
18145,-0.02381432,5617.79,11,510.7081853693182
18149,-0.0049235225,1624.71,7,232.10142299107144
18151,-0.017013669,1879.44,6,313.239990234375
18155,-0.02544403,371.62,3,123.87333170572916
18168,-0.008554161,3770.27,16,235.64187622070312
18170,-0.004232168,2878.0,9,319.77777777777777
18171,-0.010296583,2437.31,9,270.8122287326389
18174,-0.04655862,162.5,2,81.25
18177,-0.020937622,2216.8699,9,246.3188747829861
18178,-0.006357372,6103.74,11,554.8854758522727
18179,-0.00906533,2547.55,8,318.4437561035156
18181,-0.0014078617,1205.94,5,241.18798828125
18188,-0.020351589,3280.59,6,546.7650146484375
18189,-0.027071714,1403.73,3,467.9099934895833
18194,-0.0034105778,4162.04,6,693.67333984375
18196,-0.02224642,1462.39,4,365.5975036621094
18203,-0.012649775,494.41998,4,123.60499572753906
18210,-0.02869767,2768.83,7,395.5471540178572
18211,-0.038778663,600.07,5,120.01400146484374
18217,-0.0023257732,945.04,4,236.259994506836
18219,-0.0075005293,3562.89,17,209.5817583869485
18221,-0.017177343,1424.9401,6,237.4900105794271
18236,-0.019202054,1795.35,12,149.61249796549478
18241,-0.024181128,2986.99,21,142.23761858258928
18245,-0.03715962,6324.98,20,316.2489990234375
18246,-0.021315575,758.82,3,252.94000244140625
18251,-0.0050664544,26278.86,9,2919.8732638888887
18252,-0.0012788177,1542.09,7,220.2985665457589
18257,-0.021519423,4585.15,12,382.0958251953125
18259,-0.0053461194,4318.2,7,616.8857421875
18268,-0.0027569532,1490.23,6,248.3716634114584
18272,-0.0232746,4385.98,9,487.3311089409722
18273,-0.041792333,357.0,4,89.25
18276,-0.0024656057,1656.52,6,276.086669921875
18283,-0.030572712,2730.7,22,124.12272505326705
